id,regulation,article,topic,status,amended_by,regime,region,province,source_url,retrieved_on,verification,text
pp35-4,PP 35/2021,Pasal 4,jenis_pkwt,berlaku,,current,nasional,,https://peraturan.bpk.go.id/Download/154582/PP%20Nomor%2035%20Tahun%202021.pdf,2026-09-29,checked_official,"[PP 35/2021 | Pasal 4 | status: berlaku | rezim: current | wilayah: nasional | topik: jenis_pkwt]
(1) PKWT didasarkan atas: a. jangka waktu; atau b. selesainya suatu pekerjaan tertentu. (2) PKWT tidak dapat diadakan untuk pekerjaan yang bersifat tetap."
pp35-5,PP 35/2021,Pasal 5 ayat (1),jenis_pekerjaan_pkwt,berlaku,,current,nasional,,https://peraturan.bpk.go.id/Download/154582/PP%20Nomor%2035%20Tahun%202021.pdf,2026-09-29,checked_official,"[PP 35/2021 | Pasal 5 ayat (1) | status: berlaku | rezim: current | wilayah: nasional | topik: jenis_pekerjaan_pkwt]
(1) PKWT berdasarkan jangka waktu sebagaimana dimaksud dalam Pasal 4 ayat (1) huruf a dibuat untuk pekerjaan tertentu yaitu: a. pekerjaan yang diperkirakan penyelesaiannya dalam waktu yang tidak terlalu lama; b. pekerjaan yang bersifat musiman; atau c. pekerjaan yang berhubungan dengan produk baru, kegiatan baru, atau produk tambahan yang masih dalam percobaan atau penjajakan."
pp35-8,PP 35/2021,Pasal 8,durasi_perpanjangan,berlaku,,current,nasional,,https://peraturan.bpk.go.id/Download/154582/PP%20Nomor%2035%20Tahun%202021.pdf,2026-09-29,checked_official,"[PP 35/2021 | Pasal 8 | status: berlaku | rezim: current | wilayah: nasional | topik: durasi_perpanjangan]
(1) PKWT berdasarkan jangka waktu sebagaimana dimaksud dalam Pasal 5 ayat (1) dapat dibuat untuk paling lama 5 (lima) tahun. (2) Dalam hal jangka waktu PKWT sebagaimana dimaksud pada ayat (1) akan berakhir dan pekerjaan yang dilaksanakan belum selesai maka dapat dilakukan perpanjangan PKWT dengan jangka waktu sesuai kesepakatan antara Pengusaha dengan Pekerja/Buruh, dengan ketentuan jangka waktu keseluruhan PKWT beserta perpanjangannya tidak lebih dari 5 (lima) tahun. (3) Masa kerja Pekerja/Buruh dalam hal perpanjangan jangka waktu PKWT sebagaimana dimaksud pada ayat (2) tetap dihitung sejak terjadinya Hubungan Kerja berdasarkan PKWT."
pp35-12,PP 35/2021,Pasal 12,masa_percobaan,berlaku,,current,nasional,,https://peraturan.bpk.go.id/Download/154582/PP%20Nomor%2035%20Tahun%202021.pdf,2026-09-29,checked_official,"[PP 35/2021 | Pasal 12 | status: berlaku | rezim: current | wilayah: nasional | topik: masa_percobaan]
(1) PKWT tidak dapat mensyaratkan adanya masa percobaan kerja. (2) Dalam hal disyaratkan masa percobaan kerja, masa percobaan kerja yang disyaratkan tersebut batal demi hukum dan masa kerja tetap dihitung."
pp35-13,PP 35/2021,Pasal 13,isi_minimum_kontrak,berlaku,,current,nasional,,https://peraturan.bpk.go.id/Download/154582/PP%20Nomor%2035%20Tahun%202021.pdf,2026-09-29,checked_official,"[PP 35/2021 | Pasal 13 | status: berlaku | rezim: current | wilayah: nasional | topik: isi_minimum_kontrak]
PKWT paling sedikit memuat: a. nama, alamat Perusahaan, dan jenis usaha; b. nama, jenis kelamin, umur, dan alamat Pekerja/Buruh; c. jabatan atau jenis pekerjaan; d. tempat pekerjaan; e. besaran dan cara pembayaran Upah; f. hak dan kewajiban Pengusaha dan Pekerja/Buruh sesuai dengan ketentuan peraturan perundang-undangan dan/atau syarat kerja yang diatur dalam Peraturan Perusahaan atau Perjanjian Kerja Bersama; g. mulai dan jangka waktu berlakunya PKWT; h. tempat dan tanggal PKWT dibuat; dan i. tanda tangan para pihak dalam PKWT."
pp35-14,PP 35/2021,Pasal 14,pencatatan_pkwt,berlaku,,current,nasional,,https://peraturan.bpk.go.id/Download/154582/PP%20Nomor%2035%20Tahun%202021.pdf,2026-09-29,checked_official,"[PP 35/2021 | Pasal 14 | status: berlaku | rezim: current | wilayah: nasional | topik: pencatatan_pkwt]
(1) PKWT harus dicatatkan oleh Pengusaha pada kementerian yang menyelenggarakan urusan pemerintahan di bidang ketenagakerjaan secara daring paling lama 3 (tiga) hari kerja sejak penandatanganan PKWT. (2) Dalam hal pencatatan PKWT secara daring belum tersedia maka pencatatan PKWT dilakukan oleh Pengusaha secara tertulis di dinas yang menyelenggarakan urusan pemerintahan di bidang ketenagakerjaan kabupaten/kota, paling lama 7 (tujuh) hari kerja sejak penandatanganan PKWT."
pp35-15,PP 35/2021,Pasal 15,uang_kompensasi,berlaku,,current,nasional,,https://peraturan.bpk.go.id/Download/154582/PP%20Nomor%2035%20Tahun%202021.pdf,2026-09-29,checked_official,"[PP 35/2021 | Pasal 15 | status: berlaku | rezim: current | wilayah: nasional | topik: uang_kompensasi]
(1) Pengusaha wajib memberikan uang kompensasi kepada Pekerja/Buruh yang hubungan kerjanya berdasarkan PKWT. (2) Pemberian uang kompensasi dilaksanakan pada saat berakhirnya PKWT. (3) Uang kompensasi sebagaimana dimaksud pada ayat (1) diberikan kepada Pekerja/Buruh yang telah mempunyai masa kerja paling sedikit 1 (satu) bulan secara terus menerus. (4) Apabila PKWT diperpanjang, uang kompensasi diberikan saat selesainya jangka waktu PKWT sebelum perpanjangan dan terhadap jangka waktu perpanjangan PKWT, uang kompensasi berikutnya diberikan setelah perpanjangan jangka waktu PKWT berakhir atau selesai. (5) Pemberian uang kompensasi tidak berlaku bagi tenaga kerja asing yang dipekerjakan oleh pemberi kerja dalam Hubungan Kerja berdasarkan PKWT."
pp35-16,PP 35/2021,Pasal 16,besaran_kompensasi,berlaku,,current,nasional,,https://peraturan.bpk.go.id/Download/154582/PP%20Nomor%2035%20Tahun%202021.pdf,2026-09-29,checked_official,"[PP 35/2021 | Pasal 16 | status: berlaku | rezim: current | wilayah: nasional | topik: besaran_kompensasi]
(1) Besaran uang kompensasi diberikan sesuai dengan ketentuan sebagai berikut: a. PKWT selama 12 (dua belas) bulan secara terus menerus, diberikan sebesar 1 (satu) bulan Upah; b. PKWT selama 1 (satu) bulan atau lebih tetapi kurang dari 12 (dua belas) bulan, dihitung secara proporsional dengan perhitungan: (masa kerja x 1 (satu) bulan Upah) / 12; c. PKWT selama lebih dari 12 (dua belas) bulan, dihitung secara proporsional dengan perhitungan: (masa kerja x 1 (satu) bulan Upah) / 12. (2) Upah sebagaimana dimaksud pada ayat (1) yang digunakan sebagai dasar perhitungan pembayaran uang kompensasi terdiri atas Upah pokok dan tunjangan tetap. (3) Dalam hal Upah di Perusahaan tidak menggunakan komponen Upah pokok dan tunjangan tetap maka dasar perhitungan pembayaran uang kompensasi yaitu Upah tanpa tunjangan. (4) Dalam hal Upah di perusahaan terdiri atas Upah pokok dan tunjangan tidak tetap maka dasar perhitungan uang kompensasi yaitu Upah pokok. (5) Dalam hal PKWT berdasarkan selesainya suatu pekerjaan lebih cepat penyelesaiannya dari lamanya waktu yang diperjanjikan dalam PKWT maka uang kompensasi dihitung sampai dengan saat selesainya pekerjaan. (6) Besaran uang kompensasi untuk Pekerja/Buruh pada usaha mikro dan usaha kecil diberikan berdasarkan kesepakatan antara Pengusaha dan Pekerja/Buruh."
pp35-17,PP 35/2021,Pasal 17,kompensasi_berakhir_lebih_awal,berlaku,,current,nasional,,https://peraturan.bpk.go.id/Download/154582/PP%20Nomor%2035%20Tahun%202021.pdf,2026-09-29,checked_official,"[PP 35/2021 | Pasal 17 | status: berlaku | rezim: current | wilayah: nasional | topik: kompensasi_berakhir_lebih_awal]
Dalam hal salah satu pihak mengakhiri Hubungan Kerja sebelum berakhirnya jangka waktu yang ditetapkan dalam PKWT, Pengusaha wajib memberikan uang kompensasi sebagaimana dimaksud dalam Pasal 15 ayat (1) yang besarannya dihitung berdasarkan jangka waktu PKWT yang telah dilaksanakan oleh Pekerja/Buruh."
uu13-58,UU 13/2003 sebagaimana diubah UU 6/2023,Pasal 58,masa_percobaan,diubah,UU 6/2023 (Pasal 81),current,nasional,,https://disnakertrans.bantulkab.go.id/storage/disnakertrans/menu/247/Perpu-no-2-thn-2022-Klaster-Ketenagakerjaan.pdf,2026-09-29,checked_official,"[UU 13/2003 sebagaimana diubah UU 6/2023 | Pasal 58 | status: diubah | UU 6/2023 (Pasal 81) | rezim: current | wilayah: nasional | topik: masa_percobaan]
(1) Perjanjian kerja waktu tertentu tidak dapat mensyaratkan adanya masa percobaan kerja. (2) Dalam hal disyaratkan masa percobaan kerja sebagaimana dimaksud pada ayat (1), masa percobaan kerja yang disyaratkan tersebut batal demi hukum dan masa kerja tetap dihitung."
uu13-62,UU 13/2003,Pasal 62,ganti_rugi_pengakhiran_dini,berlaku,,current,nasional,,https://peraturan.bpk.go.id/Download/31128/UU%20Nomor%2013%20Tahun%202003.pdf,2026-09-29,checked_official,"[UU 13/2003 | Pasal 62 | status: berlaku | rezim: current | wilayah: nasional | topik: ganti_rugi_pengakhiran_dini]
Apabila salah satu pihak mengakhiri hubungan kerja sebelum berakhirnya jangka waktu yang ditetapkan dalam perjanjian kerja waktu tertentu, atau berakhirnya hubungan kerja bukan karena ketentuan sebagaimana dimaksud dalam Pasal 61 ayat (1), pihak yang mengakhiri hubungan kerja diwajibkan membayar ganti rugi kepada pihak lainnya sebesar upah pekerja/buruh sampai batas waktu berakhirnya jangka waktu perjanjian kerja."
uu13-88e,UU 13/2003 sebagaimana diubah UU 6/2023,Pasal 88E,upah_minimum,berlaku,disisipkan oleh UU 6/2023 (Pasal 81),current,nasional,,https://disnakertrans.bantulkab.go.id/storage/disnakertrans/menu/247/Perpu-no-2-thn-2022-Klaster-Ketenagakerjaan.pdf,2026-09-29,checked_official,"[UU 13/2003 sebagaimana diubah UU 6/2023 | Pasal 88E | status: berlaku | disisipkan oleh UU 6/2023 (Pasal 81) | rezim: current | wilayah: nasional | topik: upah_minimum]
(1) Upah minimum sebagaimana dimaksud dalam Pasal 88C ayat (1) dan ayat (2) berlaku bagi Pekerja/Buruh dengan masa kerja kurang dari 1 (satu) tahun pada Perusahaan yang bersangkutan. (2) Pengusaha dilarang membayar Upah lebih rendah dari Upah minimum."
uu24-15,UU 24/2011 tentang BPJS,Pasal 15,bpjs,berlaku,,current,nasional,,https://peraturan.bpk.go.id/Download/28701/UU%2024%20Tahun%202011.pdf,2026-09-29,checked_official,"[UU 24/2011 tentang BPJS | Pasal 15 | status: berlaku | rezim: current | wilayah: nasional | topik: bpjs]
(1) Pemberi Kerja secara bertahap wajib mendaftarkan dirinya dan Pekerjanya sebagai Peserta kepada BPJS sesuai dengan program Jaminan Sosial yang diikuti. (2) Pemberi Kerja, dalam melakukan pendaftaran sebagaimana dimaksud pada ayat (1), wajib memberikan data dirinya dan Pekerjanya berikut anggota keluarganya secara lengkap dan benar kepada BPJS. (3) Penahapan sebagaimana dimaksud pada ayat (1) diatur dengan Peraturan Presiden."
mk168-56-3,Putusan MK No. 168/PUU-XXI/2023,Pasal 56 ayat (3) UU 13/2003 dalam Pasal 81 angka 12 UU 6/2023 (dimaknai bersyarat),durasi_perpanjangan,dimaknai_putusan_mk,Putusan MK 168/PUU-XXI/2023 (31 Oktober 2024),current,nasional,,https://www.mkri.id/public/content/persidangan/sinopsis/ikhtisar_3724_2192_pdf%20Ikhtisar%20Putusan%20%20168_2023.pdf,2026-09-29,checked_official,"[Putusan MK No. 168/PUU-XXI/2023 | Pasal 56 ayat (3) UU 13/2003 dalam Pasal 81 angka 12 UU 6/2023 (dimaknai bersyarat) | status: dimaknai_putusan_mk | Putusan MK 168/PUU-XXI/2023 (31 Oktober 2024) | rezim: current | wilayah: nasional | topik: durasi_perpanjangan]
Mahkamah Konstitusi menyatakan Pasal 56 ayat (3) inkonstitusional bersyarat sepanjang tidak dimaknai: jangka waktu selesainya suatu pekerjaan tertentu dibuat tidak melebihi paling lama 5 (lima) tahun, termasuk jika terdapat perpanjangan."
mk168-57-1,Putusan MK No. 168/PUU-XXI/2023,Pasal 57 ayat (1) UU 13/2003 dalam Pasal 81 angka 13 UU 6/2023 (dimaknai bersyarat),bentuk_kontrak,dimaknai_putusan_mk,Putusan MK 168/PUU-XXI/2023 (31 Oktober 2024),current,nasional,,https://www.mkri.id/public/content/persidangan/sinopsis/ikhtisar_3724_2192_pdf%20Ikhtisar%20Putusan%20%20168_2023.pdf,2026-09-29,checked_official,"[Putusan MK No. 168/PUU-XXI/2023 | Pasal 57 ayat (1) UU 13/2003 dalam Pasal 81 angka 13 UU 6/2023 (dimaknai bersyarat) | status: dimaknai_putusan_mk | Putusan MK 168/PUU-XXI/2023 (31 Oktober 2024) | rezim: current | wilayah: nasional | topik: bentuk_kontrak]
Mahkamah Konstitusi memaknai Pasal 57 ayat (1): Perjanjian kerja waktu tertentu harus dibuat secara tertulis dengan menggunakan bahasa Indonesia dan huruf latin."
uu13-57,UU 13/2003 sebagaimana diubah UU 6/2023,Pasal 57,bentuk_kontrak,diubah,UU 6/2023 (Pasal 81); ayat (1) dimaknai Putusan MK 168/PUU-XXI/2023,current,nasional,,https://disnakertrans.bantulkab.go.id/storage/disnakertrans/menu/247/Perpu-no-2-thn-2022-Klaster-Ketenagakerjaan.pdf,2026-09-29,checked_official,"[UU 13/2003 sebagaimana diubah UU 6/2023 | Pasal 57 | status: diubah | UU 6/2023 (Pasal 81); ayat (1) dimaknai Putusan MK 168/PUU-XXI/2023 | rezim: current | wilayah: nasional | topik: bentuk_kontrak]
(1) Perjanjian kerja waktu tertentu dibuat secara tertulis serta harus menggunakan bahasa Indonesia dan huruf latin. (2) Dalam hal perjanjian kerja waktu tertentu dibuat dalam bahasa Indonesia dan bahasa asing, apabila kemudian terdapat perbedaan penafsiran antara keduanya, yang berlaku perjanjian kerja waktu tertentu yang dibuat dalam bahasa Indonesia."
uu13-59,UU 13/2003 sebagaimana diubah UU 6/2023,Pasal 59,jenis_pekerjaan_pkwt,diubah,UU 6/2023 (Pasal 81 angka 15),current,nasional,,https://disnakertrans.bantulkab.go.id/storage/disnakertrans/menu/247/Perpu-no-2-thn-2022-Klaster-Ketenagakerjaan.pdf,2026-09-29,checked_official,"[UU 13/2003 sebagaimana diubah UU 6/2023 | Pasal 59 | status: diubah | UU 6/2023 (Pasal 81 angka 15) | rezim: current | wilayah: nasional | topik: jenis_pekerjaan_pkwt]
(1) Perjanjian kerja waktu tertentu hanya dapat dibuat untuk pekerjaan tertentu yang menurut jenis dan sifat atau kegiatan pekerjaannya akan selesai dalam waktu tertentu, yaitu sebagai berikut: a. pekerjaan yang sekali selesai atau yang sementara sifatnya; b. pekerjaan yang diperkirakan penyelesaiannya dalam waktu yang tidak terlalu lama; c. pekerjaan yang bersifat musiman; d. pekerjaan yang berhubungan dengan produk baru, kegiatan baru, atau produk tambahan yang masih dalam percobaan atau penjajakan; atau e. pekerjaan yang jenis dan sifat atau kegiatannya bersifat tidak tetap. (2) Perjanjian kerja waktu tertentu tidak dapat diadakan untuk pekerjaan yang bersifat tetap. (3) Perjanjian kerja waktu tertentu yang tidak memenuhi ketentuan sebagaimana dimaksud pada ayat (1) dan ayat (2) demi hukum menjadi perjanjian kerja waktu tidak tertentu. (4) Ketentuan lebih lanjut mengenai jenis dan sifat atau kegiatan pekerjaan, jangka waktu, dan batas waktu perpanjangan perjanjian kerja waktu tertentu diatur dalam Peraturan Pemerintah."
uu13-61a,UU 13/2003 sebagaimana diubah UU 6/2023,Pasal 61A,uang_kompensasi,disisipkan,disisipkan oleh UU 6/2023 (Pasal 81),current,nasional,,https://disnakertrans.bantulkab.go.id/storage/disnakertrans/menu/247/Perpu-no-2-thn-2022-Klaster-Ketenagakerjaan.pdf,2026-09-29,checked_official,"[UU 13/2003 sebagaimana diubah UU 6/2023 | Pasal 61A | status: disisipkan | disisipkan oleh UU 6/2023 (Pasal 81) | rezim: current | wilayah: nasional | topik: uang_kompensasi]
(1) Dalam hal perjanjian kerja waktu tertentu berakhir sebagaimana dimaksud dalam Pasal 61 ayat (1) huruf b dan huruf c, Pengusaha wajib memberikan uang kompensasi kepada Pekerja/Buruh. (2) Uang kompensasi sebagaimana dimaksud pada ayat (1) diberikan kepada Pekerja/Buruh sesuai dengan masa kerja Pekerja/Buruh di Perusahaan yang bersangkutan. (3) Ketentuan lebih lanjut mengenai uang kompensasi diatur dalam Peraturan Pemerintah."
pp35-5-2,PP 35/2021,Pasal 5 ayat (2) dan (3),jenis_pekerjaan_pkwt,berlaku,,current,nasional,,https://peraturan.bpk.go.id/Download/154582/PP%20Nomor%2035%20Tahun%202021.pdf,2026-09-29,checked_official,"[PP 35/2021 | Pasal 5 ayat (2) dan (3) | status: berlaku | rezim: current | wilayah: nasional | topik: jenis_pekerjaan_pkwt]
(2) PKWT berdasarkan selesainya suatu pekerjaan tertentu sebagaimana dimaksud dalam Pasal 4 ayat (1) huruf b dibuat untuk pekerjaan tertentu yaitu: a. pekerjaan yang sekali selesai; atau b. pekerjaan yang sementara sifatnya. (3) Selain pekerjaan tertentu sebagaimana dimaksud pada ayat (1) dan ayat (2), PKWT dapat dilaksanakan terhadap pekerjaan tertentu lainnya yang jenis dan sifat atau kegiatannya bersifat tidak tetap."
pp35-6,PP 35/2021,Pasal 6,durasi_perpanjangan,berlaku,,current,nasional,,https://peraturan.bpk.go.id/Download/154582/PP%20Nomor%2035%20Tahun%202021.pdf,2026-09-29,checked_official,"[PP 35/2021 | Pasal 6 | status: berlaku | rezim: current | wilayah: nasional | topik: durasi_perpanjangan]
Pekerjaan yang diperkirakan penyelesaiannya dalam waktu yang tidak terlalu lama sebagaimana dimaksud dalam Pasal 5 ayat (1) huruf a dilaksanakan paling lama 5 (lima) tahun."
pp35-9,PP 35/2021,Pasal 9 ayat (1) dan (2),pkwt_selesainya_pekerjaan,berlaku,,current,nasional,,https://peraturan.bpk.go.id/Download/154582/PP%20Nomor%2035%20Tahun%202021.pdf,2026-09-29,checked_official,"[PP 35/2021 | Pasal 9 ayat (1) dan (2) | status: berlaku | rezim: current | wilayah: nasional | topik: pkwt_selesainya_pekerjaan]
(1) PKWT berdasarkan selesainya suatu pekerjaan tertentu sebagaimana dimaksud dalam Pasal 5 ayat (2) didasarkan atas kesepakatan para pihak yang dituangkan dalam Perjanjian Kerja. (2) Kesepakatan para pihak sebagaimana dimaksud pada ayat (1) memuat: a. ruang lingkup dan batasan suatu pekerjaan dinyatakan selesai; dan b. lamanya waktu penyelesaian pekerjaan disesuaikan dengan selesainya suatu pekerjaan."
pp35-10,PP 35/2021,Pasal 10,perjanjian_kerja_harian,berlaku,,current,nasional,,https://peraturan.bpk.go.id/Download/154582/PP%20Nomor%2035%20Tahun%202021.pdf,2026-09-29,checked_official,"[PP 35/2021 | Pasal 10 | status: berlaku | rezim: current | wilayah: nasional | topik: perjanjian_kerja_harian]
(1) PKWT yang dapat dilaksanakan terhadap pekerjaan tertentu lainnya yang jenis dan sifat atau kegiatannya bersifat tidak tetap sebagaimana dimaksud dalam Pasal 5 ayat (3) berupa pekerjaan tertentu yang berubah-ubah dalam hal waktu dan volume pekerjaan serta pembayaran upah Pekerja/Buruh berdasarkan kehadiran. (2) PKWT sebagaimana dimaksud pada ayat (1) dapat dilakukan dengan Perjanjian Kerja harian. (3) Perjanjian Kerja harian sebagaimana dimaksud pada ayat (2) dilakukan dengan ketentuan Pekerja/Buruh bekerja kurang dari 21 (dua puluh satu) hari dalam 1 (satu) bulan. (4) Dalam hal Pekerja/Buruh bekerja 21 (dua puluh satu) hari atau lebih selama 3 (tiga) bulan berturut-turut atau lebih maka Perjanjian Kerja harian sebagaimana dimaksud pada ayat (2) menjadi tidak berlaku dan Hubungan Kerja antara Pengusaha dengan Pekerja/Buruh demi hukum berubah berdasarkan PKWTT."
pp35-21,PP 35/2021,Pasal 21,waktu_kerja,berlaku,,current,nasional,,https://peraturan.bpk.go.id/Download/154582/PP%20Nomor%2035%20Tahun%202021.pdf,2026-09-29,checked_official,"[PP 35/2021 | Pasal 21 | status: berlaku | rezim: current | wilayah: nasional | topik: waktu_kerja]
(1) Setiap Pengusaha wajib melaksanakan ketentuan waktu kerja. (2) Waktu kerja sebagaimana dimaksud pada ayat (1) meliputi: a. 7 (tujuh) jam 1 (satu) hari dan 40 (empat puluh) jam 1 (satu) minggu untuk 6 (enam) hari kerja dalam 1 (satu) minggu; atau b. 8 (delapan) jam 1 (satu) hari dan 40 (empat puluh) jam 1 (satu) minggu untuk 5 (lima) hari kerja dalam 1 (satu) minggu. (3) Ketentuan waktu kerja sebagaimana dimaksud pada ayat (2) tidak berlaku bagi sektor usaha atau pekerjaan tertentu. (4) Pelaksanaan jam kerja bagi Pekerja/Buruh di Perusahaan diatur dalam Perjanjian Kerja, Peraturan Perusahaan, atau Perjanjian Kerja Bersama."
pp35-26,PP 35/2021,Pasal 26,lembur,berlaku,,current,nasional,,https://peraturan.bpk.go.id/Download/154582/PP%20Nomor%2035%20Tahun%202021.pdf,2026-09-29,checked_official,"[PP 35/2021 | Pasal 26 | status: berlaku | rezim: current | wilayah: nasional | topik: lembur]
(1) Waktu Kerja Lembur hanya dapat dilakukan paling lama 4 (empat) jam dalam 1 (satu) hari dan 18 (delapan belas) jam dalam 1 (satu) minggu. (2) Ketentuan Waktu Kerja Lembur sebagaimana dimaksud pada ayat (1) tidak termasuk kerja lembur yang dilakukan pada waktu istirahat mingguan dan/atau hari libur resmi."
pp35-27,PP 35/2021,Pasal 27,upah_lembur,berlaku,,current,nasional,,https://peraturan.bpk.go.id/Download/154582/PP%20Nomor%2035%20Tahun%202021.pdf,2026-09-29,checked_official,"[PP 35/2021 | Pasal 27 | status: berlaku | rezim: current | wilayah: nasional | topik: upah_lembur]
(1) Pengusaha yang mempekerjakan Pekerja/Buruh melebihi waktu kerja sebagaimana dimaksud dalam Pasal 21 ayat (2), wajib membayar Upah Kerja Lembur. (2) Kewajiban membayar Upah Kerja Lembur dikecualikan bagi Pekerja/Buruh dalam golongan jabatan tertentu. (3) Pekerja/Buruh dalam golongan jabatan tertentu mempunyai tanggung jawab sebagai pemikir, perencana, pelaksana, dan/atau pengendali jalannya Perusahaan dengan waktu kerja tidak dapat dibatasi dan mendapat Upah lebih tinggi. (4) Pengaturan golongan jabatan tertentu diatur dalam Perjanjian Kerja, Peraturan Perusahaan, atau Perjanjian Kerja Bersama. (5) Apabila golongan jabatan tertentu tidak diatur dalam Perjanjian Kerja, Peraturan Perusahaan, atau Perjanjian Kerja Bersama maka Pengusaha wajib membayar Upah Kerja Lembur."
pp35-28,PP 35/2021,Pasal 28,lembur,berlaku,,current,nasional,,https://peraturan.bpk.go.id/Download/154582/PP%20Nomor%2035%20Tahun%202021.pdf,2026-09-29,checked_official,"[PP 35/2021 | Pasal 28 | status: berlaku | rezim: current | wilayah: nasional | topik: lembur]
(1) Untuk melaksanakan Waktu Kerja Lembur harus ada perintah dari Pengusaha dan persetujuan dari Pekerja/Buruh yang bersangkutan secara tertulis dan/atau melalui media digital. (2) Perintah dan persetujuan sebagaimana dimaksud pada ayat (1) dapat dibuat dalam bentuk daftar Pekerja/Buruh yang bersedia bekerja lembur yang ditandatangani oleh Pekerja/Buruh yang bersangkutan dan Pengusaha. (3) Pengusaha sebagaimana dimaksud pada ayat (2) harus membuat daftar pelaksanaan kerja lembur yang memuat nama Pekerja/Buruh yang bekerja lembur dan lamanya Waktu Kerja Lembur."
pp35-31,PP 35/2021,Pasal 31 ayat (1) huruf a dan b,upah_lembur,berlaku,,current,nasional,,https://peraturan.bpk.go.id/Download/154582/PP%20Nomor%2035%20Tahun%202021.pdf,2026-09-29,checked_official,"[PP 35/2021 | Pasal 31 ayat (1) huruf a dan b | status: berlaku | rezim: current | wilayah: nasional | topik: upah_lembur]
(1) Perusahaan yang mempekerjakan Pekerja/Buruh melebihi waktu kerja sebagaimana dimaksud dalam Pasal 21 ayat (2) wajib membayar Upah Kerja Lembur dengan ketentuan: a. untuk jam kerja lembur pertama sebesar 1,5 (satu koma lima) kali Upah sejam; dan b. untuk setiap jam kerja lembur berikutnya, sebesar 2 (dua) kali Upah sejam."
pp35-32,PP 35/2021,Pasal 32,upah_lembur,berlaku,,current,nasional,,https://peraturan.bpk.go.id/Download/154582/PP%20Nomor%2035%20Tahun%202021.pdf,2026-09-29,checked_official,"[PP 35/2021 | Pasal 32 | status: berlaku | rezim: current | wilayah: nasional | topik: upah_lembur]
(1) Perhitungan Upah Kerja Lembur didasarkan pada Upah bulanan. (2) Cara menghitung Upah sejam yaitu 1/173 (satu per seratus tujuh puluh tiga) kali Upah sebulan. (3) Dalam hal komponen Upah terdiri dari Upah pokok dan tunjangan tetap maka dasar perhitungan Upah Kerja Lembur 100% (seratus persen) dari Upah. (4) Dalam hal komponen Upah terdiri dari Upah pokok, tunjangan tetap, dan tunjangan tidak tetap, apabila Upah pokok ditambah tunjangan tetap lebih kecil dari 75% (tujuh puluh lima persen) keseluruhan Upah maka dasar perhitungan Upah Kerja Lembur sama dengan 75% (tujuh puluh lima persen) dari keseluruhan Upah."
uu13-79,UU 13/2003 sebagaimana diubah UU 6/2023,Pasal 79 ayat (1) sampai (3),istirahat_cuti,diubah,UU 6/2023 (Pasal 81 angka 25); ayat (2) huruf b dimaknai Putusan MK 168/PUU-XXI/2023,current,nasional,,https://disnakertrans.bantulkab.go.id/storage/disnakertrans/menu/247/Perpu-no-2-thn-2022-Klaster-Ketenagakerjaan.pdf,2026-09-29,checked_official,"[UU 13/2003 sebagaimana diubah UU 6/2023 | Pasal 79 ayat (1) sampai (3) | status: diubah | UU 6/2023 (Pasal 81 angka 25); ayat (2) huruf b dimaknai Putusan MK 168/PUU-XXI/2023 | rezim: current | wilayah: nasional | topik: istirahat_cuti]
(1) Pengusaha wajib memberi: a. waktu istirahat; dan b. cuti. (2) Waktu istirahat sebagaimana dimaksud pada ayat (1) huruf a wajib diberikan kepada Pekerja/Buruh paling sedikit meliputi: a. istirahat antara jam kerja, paling sedikit setengah jam setelah bekerja selama 4 (empat) jam terus-menerus, dan waktu istirahat tersebut tidak termasuk jam kerja; dan b. istirahat mingguan 1 (satu) hari untuk 6 (enam) hari kerja dalam 1 (satu) minggu. (3) Cuti sebagaimana dimaksud pada ayat (1) huruf b yang wajib diberikan kepada Pekerja/Buruh, yaitu cuti tahunan, paling sedikit 12 (dua belas) hari kerja setelah Pekerja/Buruh yang bersangkutan bekerja selama 12 (dua belas) bulan secara terus menerus. Catatan pemaknaan: Putusan MK 168/PUU-XXI/2023 memaknai ayat (2) huruf b sehingga juga mencakup ""atau 2 (dua) hari untuk 5 (lima) hari kerja dalam 1 (satu) minggu""."
uu13-81,UU 13/2003,Pasal 81,cuti_haid,berlaku,,current,nasional,,https://peraturan.bpk.go.id/Download/31128/UU%20Nomor%2013%20Tahun%202003.pdf,2026-09-29,checked_official,"[UU 13/2003 | Pasal 81 | status: berlaku | rezim: current | wilayah: nasional | topik: cuti_haid]
(1) Pekerja/buruh perempuan yang dalam masa haid merasakan sakit dan memberitahukan kepada pengusaha, tidak wajib bekerja pada hari pertama dan kedua pada waktu haid. (2) Pelaksanaan ketentuan sebagaimana dimaksud dalam ayat (1) diatur dalam perjanjian kerja, peraturan perusahaan, atau perjanjian kerja bersama."
uu13-82,UU 13/2003,Pasal 82,cuti_melahirkan,berlaku,lihat juga UU 4/2024 (KIA) Pasal 4 dan 5 untuk cuti melahirkan,current,nasional,,https://peraturan.bpk.go.id/Download/31128/UU%20Nomor%2013%20Tahun%202003.pdf,2026-09-29,checked_official,"[UU 13/2003 | Pasal 82 | status: berlaku | lihat juga UU 4/2024 (KIA) Pasal 4 dan 5 untuk cuti melahirkan | rezim: current | wilayah: nasional | topik: cuti_melahirkan]
(1) Pekerja/buruh perempuan berhak memperoleh istirahat selama 1,5 (satu setengah) bulan sebelum saatnya melahirkan anak dan 1,5 (satu setengah) bulan sesudah melahirkan menurut perhitungan dokter kandungan atau bidan. (2) Pekerja/buruh perempuan yang mengalami keguguran kandungan berhak memperoleh istirahat 1,5 (satu setengah) bulan atau sesuai dengan surat keterangan dokter kandungan atau bidan."
uu4-2024-4,UU 4/2024 tentang Kesejahteraan Ibu dan Anak pada Fase Seribu Hari Pertama Kehidupan,Pasal 4 ayat (3) huruf a,cuti_melahirkan,berlaku,,current,nasional,,https://peraturan.bpk.go.id/Download/349268/UU%20Nomor%204%20Tahun%202024.pdf,2026-09-29,checked_official,"[UU 4/2024 tentang Kesejahteraan Ibu dan Anak pada Fase Seribu Hari Pertama Kehidupan | Pasal 4 ayat (3) huruf a | status: berlaku | rezim: current | wilayah: nasional | topik: cuti_melahirkan]
Selain hak sebagaimana dimaksud pada ayat (1) dan ayat (2), setiap Ibu yang bekerja berhak mendapatkan: a. cuti melahirkan dengan ketentuan: 1. paling singkat 3 (tiga) bulan pertama; dan 2. paling lama 3 (tiga) bulan berikutnya jika terdapat kondisi khusus yang dibuktikan dengan surat keterangan dokter."
uu4-2024-5,UU 4/2024 tentang Kesejahteraan Ibu dan Anak pada Fase Seribu Hari Pertama Kehidupan,Pasal 5 ayat (1) dan (2),cuti_melahirkan,berlaku,,current,nasional,,https://peraturan.bpk.go.id/Download/349268/UU%20Nomor%204%20Tahun%202024.pdf,2026-09-29,checked_official,"[UU 4/2024 tentang Kesejahteraan Ibu dan Anak pada Fase Seribu Hari Pertama Kehidupan | Pasal 5 ayat (1) dan (2) | status: berlaku | rezim: current | wilayah: nasional | topik: cuti_melahirkan]
(1) Setiap Ibu yang melaksanakan hak sebagaimana dimaksud dalam Pasal 4 ayat (3) huruf a dan huruf b tidak dapat diberhentikan dari pekerjaannya dan tetap memperoleh haknya sesuai dengan ketentuan peraturan perundang-undangan di bidang ketenagakerjaan. (2) Setiap Ibu yang melaksanakan hak sebagaimana dimaksud dalam Pasal 4 ayat (3) huruf a berhak mendapatkan upah: a. secara penuh untuk 3 (tiga) bulan pertama; b. secara penuh untuk bulan keempat; dan c. 75% (tujuh puluh lima persen) dari upah untuk bulan kelima dan bulan keenam."
pp36-23,PP 36/2021 tentang Pengupahan,Pasal 23,upah_minimum,berlaku,PP 36/2021 diubah PP 51/2023; pastikan pasal ini tidak ikut diubah,current,nasional,,https://learning.hukumonline.com/wp-content/uploads/2021/03/Peraturan-Pemerintah-Nomor-36-tahun-2021-tentang-Pengupahan.pdf,2026-09-29,checked_secondary,"[PP 36/2021 tentang Pengupahan | Pasal 23 | status: berlaku | PP 36/2021 diubah PP 51/2023; pastikan pasal ini tidak ikut diubah | rezim: current | wilayah: nasional | topik: upah_minimum]
(1) Upah minimum merupakan Upah bulanan terendah yaitu: a. Upah tanpa tunjangan; atau b. Upah pokok dan tunjangan tetap. (2) Dalam hal komponen Upah di Perusahaan terdiri atas Upah pokok dan tunjangan tidak tetap, Upah pokok paling sedikit sebesar Upah minimum. (3) Pengusaha dilarang membayar Upah lebih rendah dari Upah minimum."
pp36-61,PP 36/2021 tentang Pengupahan,Pasal 61 ayat (1),keterlambatan_upah,berlaku,,current,nasional,,https://learning.hukumonline.com/wp-content/uploads/2021/03/Peraturan-Pemerintah-Nomor-36-tahun-2021-tentang-Pengupahan.pdf,2026-09-29,checked_secondary,"[PP 36/2021 tentang Pengupahan | Pasal 61 ayat (1) | status: berlaku | rezim: current | wilayah: nasional | topik: keterlambatan_upah]
(1) Pengusaha yang terlambat membayar dan/atau tidak membayar Upah sebagaimana dimaksud dalam Pasal 55 ayat (1) dikenai denda, dengan ketentuan: a. mulai dari hari keempat sampai hari kedelapan terhitung tanggal seharusnya Upah dibayar, dikenakan denda sebesar 5% (lima persen) untuk setiap hari keterlambatan dari Upah yang seharusnya dibayarkan; b. sesudah hari kedelapan, apabila Upah masih belum dibayar, dikenakan denda keterlambatan sebagaimana dimaksud pada huruf a ditambah 1% (satu persen) untuk setiap hari keterlambatan dengan ketentuan 1 (satu) bulan tidak boleh melebihi 50% (lima puluh persen) dari Upah yang seharusnya dibayarkan; dan c. sesudah sebulan, apabila Upah masih belum dibayar, dikenakan denda keterlambatan sebagaimana dimaksud pada huruf a dan huruf b ditambah bunga sebesar suku bunga tertinggi yang berlaku pada bank pemerintah."
pp36-63,PP 36/2021 tentang Pengupahan,Pasal 63,pemotongan_upah,berlaku,,current,nasional,,https://learning.hukumonline.com/wp-content/uploads/2021/03/Peraturan-Pemerintah-Nomor-36-tahun-2021-tentang-Pengupahan.pdf,2026-09-29,checked_secondary,"[PP 36/2021 tentang Pengupahan | Pasal 63 | status: berlaku | rezim: current | wilayah: nasional | topik: pemotongan_upah]
(1) Pemotongan Upah oleh Pengusaha dapat dilakukan untuk pembayaran: a. denda; b. ganti rugi; c. uang muka Upah; d. sewa rumah dan/atau sewa barang milik Perusahaan yang disewakan oleh Pengusaha kepada Pekerja/Buruh; e. utang atau cicilan utang Pekerja/Buruh; dan/atau f. kelebihan pembayaran Upah. (2) Pemotongan Upah sebagaimana dimaksud pada ayat (1) huruf a, huruf b, dan huruf c dilakukan sesuai dengan Perjanjian Kerja, Peraturan Perusahaan, atau Perjanjian Kerja Bersama. (3) Pemotongan Upah sebagaimana dimaksud pada ayat (1) huruf d dan huruf e harus dilakukan berdasarkan kesepakatan tertulis atau perjanjian tertulis. (4) Pemotongan Upah sebagaimana dimaksud pada ayat (1) huruf f dilakukan tanpa persetujuan Pekerja/Buruh."
pp36-64,PP 36/2021 tentang Pengupahan,Pasal 64,pemotongan_upah,berlaku,,current,nasional,,https://learning.hukumonline.com/wp-content/uploads/2021/03/Peraturan-Pemerintah-Nomor-36-tahun-2021-tentang-Pengupahan.pdf,2026-09-29,checked_secondary,"[PP 36/2021 tentang Pengupahan | Pasal 64 | status: berlaku | rezim: current | wilayah: nasional | topik: pemotongan_upah]
(1) Pemotongan Upah oleh Pengusaha untuk pihak ketiga hanya dapat dilakukan berdasarkan surat kuasa dari Pekerja/Buruh. (2) Surat kuasa setiap saat dapat ditarik kembali. (3) Surat kuasa dari Pekerja/Buruh dikecualikan untuk semua kewajiban pembayaran oleh Pekerja/Buruh terhadap negara atau iuran sebagai peserta pada badan yang menyelenggarakan jaminan sosial yang ditetapkan sesuai dengan ketentuan peraturan perundang-undangan."
pp36-65,PP 36/2021 tentang Pengupahan,Pasal 65,pemotongan_upah,berlaku,,current,nasional,,https://learning.hukumonline.com/wp-content/uploads/2021/03/Peraturan-Pemerintah-Nomor-36-tahun-2021-tentang-Pengupahan.pdf,2026-09-29,checked_secondary,"[PP 36/2021 tentang Pengupahan | Pasal 65 | status: berlaku | rezim: current | wilayah: nasional | topik: pemotongan_upah]
Jumlah keseluruhan pemotongan Upah sebagaimana dimaksud dalam Pasal 63 paling banyak 50% (lima puluh persen) dari setiap pembayaran Upah yang diterima Pekerja/Buruh."
pp36-9,PP 36/2021 tentang Pengupahan,Pasal 9,thr,berlaku,,current,nasional,,https://learning.hukumonline.com/wp-content/uploads/2021/03/Peraturan-Pemerintah-Nomor-36-tahun-2021-tentang-Pengupahan.pdf,2026-09-29,checked_secondary,"[PP 36/2021 tentang Pengupahan | Pasal 9 | status: berlaku | rezim: current | wilayah: nasional | topik: thr]
(1) Tunjangan hari raya keagamaan wajib diberikan oleh Pengusaha kepada Pekerja/Buruh. (2) Tunjangan hari raya keagamaan wajib dibayarkan paling lama 7 (tujuh) hari sebelum hari raya keagamaan. (3) Ketentuan lebih lanjut mengenai tunjangan hari raya keagamaan dan tata cara pembayarannya diatur dengan Peraturan Menteri."
permenaker6-2016-2,Permenaker 6/2016 tentang THR Keagamaan,Pasal 2,thr,berlaku,,current,nasional,,https://peraturan.bpk.go.id/Download/252116/Kemnaker%20No.%206%20Tahun%202016.pdf,2026-09-29,checked_official,"[Permenaker 6/2016 tentang THR Keagamaan | Pasal 2 | status: berlaku | rezim: current | wilayah: nasional | topik: thr]
(1) Pengusaha wajib memberikan THR Keagamaan kepada Pekerja/Buruh yang telah mempunyai masa kerja 1 (satu) bulan secara terus menerus atau lebih. (2) THR Keagamaan sebagaimana dimaksud pada ayat (1) diberikan kepada Pekerja/Buruh yang mempunyai hubungan kerja dengan Pengusaha berdasarkan perjanjian kerja waktu tidak tertentu atau perjanjian kerja waktu tertentu."
permenaker6-2016-3,Permenaker 6/2016 tentang THR Keagamaan,Pasal 3 ayat (1),thr,berlaku,,current,nasional,,https://peraturan.bpk.go.id/Download/252116/Kemnaker%20No.%206%20Tahun%202016.pdf,2026-09-29,checked_official,"[Permenaker 6/2016 tentang THR Keagamaan | Pasal 3 ayat (1) | status: berlaku | rezim: current | wilayah: nasional | topik: thr]
(1) Besaran THR Keagamaan sebagaimana dimaksud dalam Pasal 2 ayat (1) ditetapkan sebagai berikut: a. Pekerja/Buruh yang telah mempunyai masa kerja 12 (dua belas) bulan secara terus menerus atau lebih, diberikan sebesar 1 (satu) bulan upah; b. Pekerja/Buruh yang mempunyai masa kerja 1 (satu) bulan secara terus menerus tetapi kurang dari 12 (dua belas) bulan, diberikan secara proporsional sesuai masa kerja dengan perhitungan: (masa kerja x 1 (satu) bulan upah) / 12."
uu24-19,UU 24/2011 tentang BPJS,Pasal 19 ayat (1) dan (2),bpjs,berlaku,,current,nasional,,https://peraturan.bpk.go.id/Download/28701/UU%2024%20Tahun%202011.pdf,2026-09-29,checked_official,"[UU 24/2011 tentang BPJS | Pasal 19 ayat (1) dan (2) | status: berlaku | rezim: current | wilayah: nasional | topik: bpjs]
(1) Pemberi Kerja wajib memungut Iuran yang menjadi beban Peserta dari Pekerjanya dan menyetorkannya kepada BPJS. (2) Pemberi Kerja wajib membayar dan menyetor Iuran yang menjadi tanggung jawabnya kepada BPJS."
uu24-55,UU 24/2011 tentang BPJS,Pasal 55,bpjs,berlaku,,current,nasional,,https://peraturan.bpk.go.id/Download/28701/UU%2024%20Tahun%202011.pdf,2026-09-29,checked_official,"[UU 24/2011 tentang BPJS | Pasal 55 | status: berlaku | rezim: current | wilayah: nasional | topik: bpjs]
Pemberi Kerja yang melanggar ketentuan sebagaimana dimaksud dalam Pasal 19 ayat (1) atau ayat (2) dipidana dengan pidana penjara paling lama 8 (delapan) tahun atau pidana denda paling banyak Rp1.000.000.000,00 (satu miliar rupiah)."
se-menaker-5-2025,Surat Edaran Menteri Ketenagakerjaan No. M/5/HK.04.00/V/2025 (20 Mei 2025),Angka 1 sampai 4,penahanan_dokumen,berlaku_imbauan,,current,nasional,,https://jdih.kemnaker.go.id/asset/data_puu/2025senaker005.pdf,2026-09-29,checked_official,"[Surat Edaran Menteri Ketenagakerjaan No. M/5/HK.04.00/V/2025 (20 Mei 2025) | Angka 1 sampai 4 | status: berlaku_imbauan | rezim: current | wilayah: nasional | topik: penahanan_dokumen]
1. Pemberi kerja dilarang mensyaratkan dan/atau menahan ijazah dan/atau dokumen pribadi milik pekerja/buruh sebagai jaminan untuk bekerja. Dokumen pribadi tersebut merupakan dokumen asli antara lain sertifikat kompetensi, paspor, akta kelahiran, buku nikah, dan buku pemilik kendaraan bermotor. 2. Pemberi kerja dilarang menghalangi atau menghambat pekerja/buruh untuk mencari dan mendapatkan pekerjaan yang lebih layak. 3. Calon pekerja/buruh dan pekerja/buruh perlu memahami isi perjanjian kerja terutama jika terdapat ketentuan yang mensyaratkan penyerahan ijazah dan/atau dokumen pribadi. 4. Dalam hal adanya kepentingan mendesak yang dibenarkan secara hukum untuk adanya persyaratan penyerahan ijazah dan/atau sertifikat kompetensi milik pekerja/buruh kepada pemberi kerja, hanya dapat dilakukan dengan ketentuan sebagai berikut: a. Ijazah dan/atau sertifikat kompetensi tersebut diperoleh melalui pendidikan dan pelatihan yang dibiayai oleh pemberi kerja berdasarkan perjanjian kerja tertulis. b. Pemberi kerja wajib menjamin keamanan ijazah dan/atau sertifikat kompetensi yang disimpan dan memberikan ganti rugi kepada pekerja apabila ijazah dan/atau sertifikat kompetensi tersebut rusak atau hilang. Catatan: surat edaran adalah imbauan kebijakan dari Menteri, bukan peraturan perundang-undangan yang memuat sanksi."
perda-jatim-8-2016-42,Perda Provinsi Jawa Timur No. 8 Tahun 2016 tentang Penyelenggaraan Ketenagakerjaan,Pasal 42 dan Pasal 79 ayat (1),penahanan_dokumen,berlaku,,current,provinsi,Jawa Timur,https://peraturan.bpk.go.id/Download/14406/PD_8-2016.pdf,2026-09-29,checked_official,"[Perda Provinsi Jawa Timur No. 8 Tahun 2016 tentang Penyelenggaraan Ketenagakerjaan | Pasal 42 dan Pasal 79 ayat (1) | status: berlaku | rezim: current | wilayah: provinsi (Jawa Timur) | topik: penahanan_dokumen]
Pasal 42: Pengusaha dilarang menahan atau menyimpan dokumen asli yang sifatnya melekat pada pekerja sebagai jaminan. Pasal 79 ayat (1): Setiap orang yang melanggar ketentuan Pasal 35 ayat (2) dan ayat (3), Pasal 42 dan Pasal 72 ayat (1) dipidana dengan pidana kurungan paling lama 6 (enam) bulan atau denda paling banyak Rp 50.000.000,00 (lima puluh juta rupiah). Berlaku di wilayah Provinsi Jawa Timur (termasuk Kota Surabaya, Kabupaten Sidoarjo, Kabupaten Gresik, dan Kota Malang)."
um2026-dki-jakarta,Keputusan Gubernur DKI Jakarta No. 1142 Tahun 2025 (UMP),UMP 2026 DKI Jakarta,upah_minimum,berlaku,,current,DKI Jakarta,DKI Jakarta,https://www.hukumonline.com/berita/a/ump-dan-umsp%E2%80%93dki-2026-lt697324d20263d/,2026-09-29,checked_secondary,"[Keputusan Gubernur DKI Jakarta No. 1142 Tahun 2025 (UMP) | UMP 2026 DKI Jakarta | status: berlaku | rezim: current | wilayah: DKI Jakarta (DKI Jakarta) | topik: upah_minimum]
UMP DKI Jakarta (DKI Jakarta) tahun 2026 ditetapkan sebesar Rp5.729.876 per bulan, berlaku mulai 1 Januari 2026. Upah minimum ini berlaku bagi Pekerja/Buruh dengan masa kerja kurang dari 1 (satu) tahun yang bekerja di DKI Jakarta. Pengusaha dilarang membayar upah lebih rendah dari upah minimum (UU 13/2003 Pasal 88E ayat (2); PP 36/2021 Pasal 23 ayat (3)). Upah minimum yang berlaku adalah upah minimum di lokasi tempat bekerja, bukan domisili pekerja. DKI Jakarta memakai UMP untuk seluruh wilayahnya."
um2026-kota-bekasi,Keputusan Gubernur Jawa Barat No. 561.7/Kep.862-Kesra/2025,UMK 2026 Kota Bekasi,upah_minimum,berlaku,,current,Kota Bekasi,Jawa Barat,https://www.detik.com/jabar/berita/d-8276574/daftar-umk-jawa-barat-2026-kota-bekasi-nyaris-sentuh-rp-6-juta,2026-09-29,checked_secondary,"[Keputusan Gubernur Jawa Barat No. 561.7/Kep.862-Kesra/2025 | UMK 2026 Kota Bekasi | status: berlaku | rezim: current | wilayah: Kota Bekasi (Jawa Barat) | topik: upah_minimum]
UMK Kota Bekasi (Jawa Barat) tahun 2026 ditetapkan sebesar Rp5.999.443 per bulan, berlaku mulai 1 Januari 2026. Upah minimum ini berlaku bagi Pekerja/Buruh dengan masa kerja kurang dari 1 (satu) tahun yang bekerja di Kota Bekasi. Pengusaha dilarang membayar upah lebih rendah dari upah minimum (UU 13/2003 Pasal 88E ayat (2); PP 36/2021 Pasal 23 ayat (3)). Upah minimum yang berlaku adalah upah minimum di lokasi tempat bekerja, bukan domisili pekerja."
um2026-kab-bekasi,Keputusan Gubernur Jawa Barat No. 561.7/Kep.862-Kesra/2025,UMK 2026 Kabupaten Bekasi,upah_minimum,berlaku,,current,Kabupaten Bekasi,Jawa Barat,https://www.hukumonline.com/berita/a/ump-dan-umk-jabar-2026-lt695805af72d43/,2026-09-29,checked_secondary,"[Keputusan Gubernur Jawa Barat No. 561.7/Kep.862-Kesra/2025 | UMK 2026 Kabupaten Bekasi | status: berlaku | rezim: current | wilayah: Kabupaten Bekasi (Jawa Barat) | topik: upah_minimum]
UMK Kabupaten Bekasi (Jawa Barat) tahun 2026 ditetapkan sebesar Rp5.938.885 per bulan, berlaku mulai 1 Januari 2026. Upah minimum ini berlaku bagi Pekerja/Buruh dengan masa kerja kurang dari 1 (satu) tahun yang bekerja di Kabupaten Bekasi. Pengusaha dilarang membayar upah lebih rendah dari upah minimum (UU 13/2003 Pasal 88E ayat (2); PP 36/2021 Pasal 23 ayat (3)). Upah minimum yang berlaku adalah upah minimum di lokasi tempat bekerja, bukan domisili pekerja."
um2026-kab-karawang,Keputusan Gubernur Jawa Barat No. 561.7/Kep.862-Kesra/2025,UMK 2026 Kabupaten Karawang,upah_minimum,berlaku,,current,Kabupaten Karawang,Jawa Barat,https://www.hukumonline.com/berita/a/ump-dan-umk-jabar-2026-lt695805af72d43/,2026-09-29,checked_secondary,"[Keputusan Gubernur Jawa Barat No. 561.7/Kep.862-Kesra/2025 | UMK 2026 Kabupaten Karawang | status: berlaku | rezim: current | wilayah: Kabupaten Karawang (Jawa Barat) | topik: upah_minimum]
UMK Kabupaten Karawang (Jawa Barat) tahun 2026 ditetapkan sebesar Rp5.886.853 per bulan, berlaku mulai 1 Januari 2026. Upah minimum ini berlaku bagi Pekerja/Buruh dengan masa kerja kurang dari 1 (satu) tahun yang bekerja di Kabupaten Karawang. Pengusaha dilarang membayar upah lebih rendah dari upah minimum (UU 13/2003 Pasal 88E ayat (2); PP 36/2021 Pasal 23 ayat (3)). Upah minimum yang berlaku adalah upah minimum di lokasi tempat bekerja, bukan domisili pekerja. Satu sumber menulis Rp5.886.852,34 (pembulatan)."
um2026-kota-depok,Keputusan Gubernur Jawa Barat No. 561.7/Kep.862-Kesra/2025,UMK 2026 Kota Depok,upah_minimum,berlaku,,current,Kota Depok,Jawa Barat,https://www.hukumonline.com/berita/a/ump-dan-umk-jabar-2026-lt695805af72d43/,2026-09-29,checked_secondary,"[Keputusan Gubernur Jawa Barat No. 561.7/Kep.862-Kesra/2025 | UMK 2026 Kota Depok | status: berlaku | rezim: current | wilayah: Kota Depok (Jawa Barat) | topik: upah_minimum]
UMK Kota Depok (Jawa Barat) tahun 2026 ditetapkan sebesar Rp5.522.662 per bulan, berlaku mulai 1 Januari 2026. Upah minimum ini berlaku bagi Pekerja/Buruh dengan masa kerja kurang dari 1 (satu) tahun yang bekerja di Kota Depok. Pengusaha dilarang membayar upah lebih rendah dari upah minimum (UU 13/2003 Pasal 88E ayat (2); PP 36/2021 Pasal 23 ayat (3)). Upah minimum yang berlaku adalah upah minimum di lokasi tempat bekerja, bukan domisili pekerja."
um2026-kota-bogor,Keputusan Gubernur Jawa Barat No. 561.7/Kep.862-Kesra/2025,UMK 2026 Kota Bogor,upah_minimum,berlaku,,current,Kota Bogor,Jawa Barat,https://www.hukumonline.com/berita/a/ump-dan-umk-jabar-2026-lt695805af72d43/,2026-09-29,checked_secondary,"[Keputusan Gubernur Jawa Barat No. 561.7/Kep.862-Kesra/2025 | UMK 2026 Kota Bogor | status: berlaku | rezim: current | wilayah: Kota Bogor (Jawa Barat) | topik: upah_minimum]
UMK Kota Bogor (Jawa Barat) tahun 2026 ditetapkan sebesar Rp5.437.203 per bulan, berlaku mulai 1 Januari 2026. Upah minimum ini berlaku bagi Pekerja/Buruh dengan masa kerja kurang dari 1 (satu) tahun yang bekerja di Kota Bogor. Pengusaha dilarang membayar upah lebih rendah dari upah minimum (UU 13/2003 Pasal 88E ayat (2); PP 36/2021 Pasal 23 ayat (3)). Upah minimum yang berlaku adalah upah minimum di lokasi tempat bekerja, bukan domisili pekerja."
um2026-kab-bogor,Keputusan Gubernur Jawa Barat No. 561.7/Kep.862-Kesra/2025,UMK 2026 Kabupaten Bogor,upah_minimum,berlaku,,current,Kabupaten Bogor,Jawa Barat,https://www.hukumonline.com/berita/a/ump-dan-umk-jabar-2026-lt695805af72d43/,2026-09-29,checked_secondary,"[Keputusan Gubernur Jawa Barat No. 561.7/Kep.862-Kesra/2025 | UMK 2026 Kabupaten Bogor | status: berlaku | rezim: current | wilayah: Kabupaten Bogor (Jawa Barat) | topik: upah_minimum]
UMK Kabupaten Bogor (Jawa Barat) tahun 2026 ditetapkan sebesar Rp5.161.769 per bulan, berlaku mulai 1 Januari 2026. Upah minimum ini berlaku bagi Pekerja/Buruh dengan masa kerja kurang dari 1 (satu) tahun yang bekerja di Kabupaten Bogor. Pengusaha dilarang membayar upah lebih rendah dari upah minimum (UU 13/2003 Pasal 88E ayat (2); PP 36/2021 Pasal 23 ayat (3)). Upah minimum yang berlaku adalah upah minimum di lokasi tempat bekerja, bukan domisili pekerja."
um2026-kota-bandung,Keputusan Gubernur Jawa Barat No. 561.7/Kep.862-Kesra/2025,UMK 2026 Kota Bandung,upah_minimum,berlaku,,current,Kota Bandung,Jawa Barat,https://www.hukumonline.com/berita/a/ump-dan-umk-jabar-2026-lt695805af72d43/,2026-09-29,checked_secondary,"[Keputusan Gubernur Jawa Barat No. 561.7/Kep.862-Kesra/2025 | UMK 2026 Kota Bandung | status: berlaku | rezim: current | wilayah: Kota Bandung (Jawa Barat) | topik: upah_minimum]
UMK Kota Bandung (Jawa Barat) tahun 2026 ditetapkan sebesar Rp4.737.678 per bulan, berlaku mulai 1 Januari 2026. Upah minimum ini berlaku bagi Pekerja/Buruh dengan masa kerja kurang dari 1 (satu) tahun yang bekerja di Kota Bandung. Pengusaha dilarang membayar upah lebih rendah dari upah minimum (UU 13/2003 Pasal 88E ayat (2); PP 36/2021 Pasal 23 ayat (3)). Upah minimum yang berlaku adalah upah minimum di lokasi tempat bekerja, bukan domisili pekerja."
um2026-kota-tangerang,Keputusan Gubernur Banten tentang UMK 2026 (24 Desember 2025),UMK 2026 Kota Tangerang,upah_minimum,berlaku,,current,Kota Tangerang,Banten,https://www.cnnindonesia.com/ekonomi/20251224175840-92-1310426/umk-tangerang-2026-naik-ke-rp539-juta-tangsel-rp524-juta,2026-09-29,accepted_single_source,"[Keputusan Gubernur Banten tentang UMK 2026 (24 Desember 2025) | UMK 2026 Kota Tangerang | status: berlaku | rezim: current | wilayah: Kota Tangerang (Banten) | topik: upah_minimum]
UMK Kota Tangerang (Banten) tahun 2026 ditetapkan sebesar Rp5.399.405,69 per bulan, berlaku mulai 1 Januari 2026. Upah minimum ini berlaku bagi Pekerja/Buruh dengan masa kerja kurang dari 1 (satu) tahun yang bekerja di Kota Tangerang. Pengusaha dilarang membayar upah lebih rendah dari upah minimum (UU 13/2003 Pasal 88E ayat (2); PP 36/2021 Pasal 23 ayat (3)). Upah minimum yang berlaku adalah upah minimum di lokasi tempat bekerja, bukan domisili pekerja."
um2026-kota-tangerang-selatan,Keputusan Gubernur Banten tentang UMK 2026 (24 Desember 2025),UMK 2026 Kota Tangerang Selatan,upah_minimum,berlaku,,current,Kota Tangerang Selatan,Banten,https://www.cnnindonesia.com/ekonomi/20251224175840-92-1310426/umk-tangerang-2026-naik-ke-rp539-juta-tangsel-rp524-juta,2026-09-29,accepted_single_source,"[Keputusan Gubernur Banten tentang UMK 2026 (24 Desember 2025) | UMK 2026 Kota Tangerang Selatan | status: berlaku | rezim: current | wilayah: Kota Tangerang Selatan (Banten) | topik: upah_minimum]
UMK Kota Tangerang Selatan (Banten) tahun 2026 ditetapkan sebesar Rp5.247.870 per bulan, berlaku mulai 1 Januari 2026. Upah minimum ini berlaku bagi Pekerja/Buruh dengan masa kerja kurang dari 1 (satu) tahun yang bekerja di Kota Tangerang Selatan. Pengusaha dilarang membayar upah lebih rendah dari upah minimum (UU 13/2003 Pasal 88E ayat (2); PP 36/2021 Pasal 23 ayat (3)). Upah minimum yang berlaku adalah upah minimum di lokasi tempat bekerja, bukan domisili pekerja."
um2026-kab-tangerang,Keputusan Gubernur Banten tentang UMK 2026 (24 Desember 2025),UMK 2026 Kabupaten Tangerang,upah_minimum,berlaku,,current,Kabupaten Tangerang,Banten,https://www.cnnindonesia.com/ekonomi/20251224175840-92-1310426/umk-tangerang-2026-naik-ke-rp539-juta-tangsel-rp524-juta,2026-09-29,accepted_single_source,"[Keputusan Gubernur Banten tentang UMK 2026 (24 Desember 2025) | UMK 2026 Kabupaten Tangerang | status: berlaku | rezim: current | wilayah: Kabupaten Tangerang (Banten) | topik: upah_minimum]
UMK Kabupaten Tangerang (Banten) tahun 2026 ditetapkan sebesar Rp5.210.377 per bulan, berlaku mulai 1 Januari 2026. Upah minimum ini berlaku bagi Pekerja/Buruh dengan masa kerja kurang dari 1 (satu) tahun yang bekerja di Kabupaten Tangerang. Pengusaha dilarang membayar upah lebih rendah dari upah minimum (UU 13/2003 Pasal 88E ayat (2); PP 36/2021 Pasal 23 ayat (3)). Upah minimum yang berlaku adalah upah minimum di lokasi tempat bekerja, bukan domisili pekerja."
um2026-kota-cilegon,Keputusan Gubernur Banten tentang UMK 2026 (24 Desember 2025),UMK 2026 Kota Cilegon,upah_minimum,berlaku,,current,Kota Cilegon,Banten,https://www.cnnindonesia.com/ekonomi/20251224175840-92-1310426/umk-tangerang-2026-naik-ke-rp539-juta-tangsel-rp524-juta,2026-09-29,accepted_single_source,"[Keputusan Gubernur Banten tentang UMK 2026 (24 Desember 2025) | UMK 2026 Kota Cilegon | status: berlaku | rezim: current | wilayah: Kota Cilegon (Banten) | topik: upah_minimum]
UMK Kota Cilegon (Banten) tahun 2026 ditetapkan sebesar Rp5.469.922,59 per bulan, berlaku mulai 1 Januari 2026. Upah minimum ini berlaku bagi Pekerja/Buruh dengan masa kerja kurang dari 1 (satu) tahun yang bekerja di Kota Cilegon. Pengusaha dilarang membayar upah lebih rendah dari upah minimum (UU 13/2003 Pasal 88E ayat (2); PP 36/2021 Pasal 23 ayat (3)). Upah minimum yang berlaku adalah upah minimum di lokasi tempat bekerja, bukan domisili pekerja."
um2026-kota-semarang,Keputusan Gubernur Jawa Tengah No. 100.3.3.1/505 Tahun 2025,UMK 2026 Kota Semarang,upah_minimum,berlaku,,current,Kota Semarang,Jawa Tengah,https://ppid.semarangkota.go.id/upah-minimum-kabupaten-kota-umk-di-provinsi-jawa-tengah-tahun-2026/,2026-09-29,checked_secondary,"[Keputusan Gubernur Jawa Tengah No. 100.3.3.1/505 Tahun 2025 | UMK 2026 Kota Semarang | status: berlaku | rezim: current | wilayah: Kota Semarang (Jawa Tengah) | topik: upah_minimum]
UMK Kota Semarang (Jawa Tengah) tahun 2026 ditetapkan sebesar Rp3.701.709 per bulan, berlaku mulai 1 Januari 2026. Upah minimum ini berlaku bagi Pekerja/Buruh dengan masa kerja kurang dari 1 (satu) tahun yang bekerja di Kota Semarang. Pengusaha dilarang membayar upah lebih rendah dari upah minimum (UU 13/2003 Pasal 88E ayat (2); PP 36/2021 Pasal 23 ayat (3)). Upah minimum yang berlaku adalah upah minimum di lokasi tempat bekerja, bukan domisili pekerja."
um2026-kota-yogyakarta,Keputusan Gubernur DIY No. 443 Tahun 2025,UMK 2026 Kota Yogyakarta,upah_minimum,berlaku,,current,Kota Yogyakarta,DI Yogyakarta,https://warta.jogjakota.go.id/detail/index/45552/pemkot-yogya-umumkan-umk-2026-rp-282-juta-alami-kenaikan-65-persen-2025-12-24,2026-09-29,checked_secondary,"[Keputusan Gubernur DIY No. 443 Tahun 2025 | UMK 2026 Kota Yogyakarta | status: berlaku | rezim: current | wilayah: Kota Yogyakarta (DI Yogyakarta) | topik: upah_minimum]
UMK Kota Yogyakarta (DI Yogyakarta) tahun 2026 ditetapkan sebesar Rp2.827.593 per bulan, berlaku mulai 1 Januari 2026. Upah minimum ini berlaku bagi Pekerja/Buruh dengan masa kerja kurang dari 1 (satu) tahun yang bekerja di Kota Yogyakarta. Pengusaha dilarang membayar upah lebih rendah dari upah minimum (UU 13/2003 Pasal 88E ayat (2); PP 36/2021 Pasal 23 ayat (3)). Upah minimum yang berlaku adalah upah minimum di lokasi tempat bekerja, bukan domisili pekerja."
um2026-kota-surabaya,Keputusan Gubernur Jawa Timur No. 100.3.3.1/937/013/2025,UMK 2026 Kota Surabaya,upah_minimum,berlaku,,current,Kota Surabaya,Jawa Timur,https://www.detik.com/jatim/bisnis/d-8277107/resmi-ini-besaran-umk-2026-se-jawa-timur,2026-09-29,checked_secondary,"[Keputusan Gubernur Jawa Timur No. 100.3.3.1/937/013/2025 | UMK 2026 Kota Surabaya | status: berlaku | rezim: current | wilayah: Kota Surabaya (Jawa Timur) | topik: upah_minimum]
UMK Kota Surabaya (Jawa Timur) tahun 2026 ditetapkan sebesar Rp5.288.796 per bulan, berlaku mulai 1 Januari 2026. Upah minimum ini berlaku bagi Pekerja/Buruh dengan masa kerja kurang dari 1 (satu) tahun yang bekerja di Kota Surabaya. Pengusaha dilarang membayar upah lebih rendah dari upah minimum (UU 13/2003 Pasal 88E ayat (2); PP 36/2021 Pasal 23 ayat (3)). Upah minimum yang berlaku adalah upah minimum di lokasi tempat bekerja, bukan domisili pekerja."
um2026-kab-sidoarjo,Keputusan Gubernur Jawa Timur No. 100.3.3.1/937/013/2025,UMK 2026 Kabupaten Sidoarjo,upah_minimum,berlaku,,current,Kabupaten Sidoarjo,Jawa Timur,https://www.detik.com/jatim/bisnis/d-8277107/resmi-ini-besaran-umk-2026-se-jawa-timur,2026-09-29,checked_secondary,"[Keputusan Gubernur Jawa Timur No. 100.3.3.1/937/013/2025 | UMK 2026 Kabupaten Sidoarjo | status: berlaku | rezim: current | wilayah: Kabupaten Sidoarjo (Jawa Timur) | topik: upah_minimum]
UMK Kabupaten Sidoarjo (Jawa Timur) tahun 2026 ditetapkan sebesar Rp5.191.541 per bulan, berlaku mulai 1 Januari 2026. Upah minimum ini berlaku bagi Pekerja/Buruh dengan masa kerja kurang dari 1 (satu) tahun yang bekerja di Kabupaten Sidoarjo. Pengusaha dilarang membayar upah lebih rendah dari upah minimum (UU 13/2003 Pasal 88E ayat (2); PP 36/2021 Pasal 23 ayat (3)). Upah minimum yang berlaku adalah upah minimum di lokasi tempat bekerja, bukan domisili pekerja."
um2026-kab-gresik,Keputusan Gubernur Jawa Timur No. 100.3.3.1/937/013/2025,UMK 2026 Kabupaten Gresik,upah_minimum,berlaku,,current,Kabupaten Gresik,Jawa Timur,https://www.detik.com/jatim/bisnis/d-8277107/resmi-ini-besaran-umk-2026-se-jawa-timur,2026-09-29,checked_secondary,"[Keputusan Gubernur Jawa Timur No. 100.3.3.1/937/013/2025 | UMK 2026 Kabupaten Gresik | status: berlaku | rezim: current | wilayah: Kabupaten Gresik (Jawa Timur) | topik: upah_minimum]
UMK Kabupaten Gresik (Jawa Timur) tahun 2026 ditetapkan sebesar Rp5.195.401 per bulan, berlaku mulai 1 Januari 2026. Upah minimum ini berlaku bagi Pekerja/Buruh dengan masa kerja kurang dari 1 (satu) tahun yang bekerja di Kabupaten Gresik. Pengusaha dilarang membayar upah lebih rendah dari upah minimum (UU 13/2003 Pasal 88E ayat (2); PP 36/2021 Pasal 23 ayat (3)). Upah minimum yang berlaku adalah upah minimum di lokasi tempat bekerja, bukan domisili pekerja."
um2026-kota-malang,Keputusan Gubernur Jawa Timur No. 100.3.3.1/937/013/2025,UMK 2026 Kota Malang,upah_minimum,berlaku,,current,Kota Malang,Jawa Timur,https://www.detik.com/jatim/bisnis/d-8277107/resmi-ini-besaran-umk-2026-se-jawa-timur,2026-09-29,checked_secondary,"[Keputusan Gubernur Jawa Timur No. 100.3.3.1/937/013/2025 | UMK 2026 Kota Malang | status: berlaku | rezim: current | wilayah: Kota Malang (Jawa Timur) | topik: upah_minimum]
UMK Kota Malang (Jawa Timur) tahun 2026 ditetapkan sebesar Rp3.736.101 per bulan, berlaku mulai 1 Januari 2026. Upah minimum ini berlaku bagi Pekerja/Buruh dengan masa kerja kurang dari 1 (satu) tahun yang bekerja di Kota Malang. Pengusaha dilarang membayar upah lebih rendah dari upah minimum (UU 13/2003 Pasal 88E ayat (2); PP 36/2021 Pasal 23 ayat (3)). Upah minimum yang berlaku adalah upah minimum di lokasi tempat bekerja, bukan domisili pekerja."
meta-cakupan-upah,Catatan cakupan basis data CekPKWT (bukan regulasi),Cakupan wilayah upah minimum,cakupan_sistem,catatan_sistem,,current,nasional,,,2026-09-29,system_note,"[Catatan cakupan basis data CekPKWT (bukan regulasi) | Cakupan wilayah upah minimum | status: catatan_sistem | rezim: current | wilayah: nasional | topik: cakupan_sistem]
Basis data CekPKWT memuat upah minimum 2026 untuk 18 wilayah pusat lapangan kerja di Pulau Jawa: DKI Jakarta, Kota Bekasi, Kabupaten Bekasi, Kabupaten Karawang, Kota Depok, Kota Bogor, Kabupaten Bogor, Kota Bandung, Kota Tangerang, Kota Tangerang Selatan, Kabupaten Tangerang, Kota Cilegon, Kota Semarang, Kota Yogyakarta, Kota Surabaya, Kabupaten Sidoarjo, Kabupaten Gresik, Kota Malang. Untuk lokasi kerja di luar daftar ini, upah minimum tidak dapat diperiksa; sarankan pengguna mengecek keputusan gubernur setempat atau Disnaker. Upah minimum sektoral (UMSK) belum dimuat."
